<root>
  <Facturacion>
    <Precio>830.25</Precio>
    <Comprador>maria</Comprador>
    <Proveedor>maria</Proveedor>
    <Cedula>V-20913337</Cedula>
    <Nombre>Sony Erickson Xperia</Nombre>
    <Total>738.0</Total>
    <Cantidad>6</Cantidad>
    <Codigo />
  </Facturacion>
  <Facturacion>
    <Precio>263.25</Precio>
    <Comprador>cac</Comprador>
    <Proveedor>maria</Proveedor>
    <Cedula>E-sac</Cedula>
    <Nombre>hola esto en Grand</Nombre>
    <Total>234.0</Total>
    <Cantidad>1</Cantidad>
    <Codigo />
  </Facturacion>
  <Facturacion>
    <Precio>263.25</Precio>
    <Comprador>cac</Comprador>
    <Proveedor>maria</Proveedor>
    <Cedula>E-sac</Cedula>
    <Nombre>hola esto en Grand</Nombre>
    <Total>234.0</Total>
    <Cantidad>1</Cantidad>
    <Codigo />
  </Facturacion>
  <Facturacion>
    <Precio>263.25</Precio>
    <Comprador>cac</Comprador>
    <Proveedor>maria</Proveedor>
    <Cedula>E-sac</Cedula>
    <Nombre>hola esto en Grand</Nombre>
    <Total>234.0</Total>
    <Cantidad>1</Cantidad>
    <Codigo />
  </Facturacion>
</root>