<root>
  <Cambio>
    <Seudonimo>jelberg</Seudonimo>
    <Tipo>Usuario</Tipo>
    <mensaje>alalalong</mensaje>
    <Respuesta>Rechazada</Respuesta>
  </Cambio>
  <Cambio>
    <Seudonimo>maria</Seudonimo>
    <Tipo>Administrador de Productos</Tipo>
    <mensaje>ola k ase?????</mensaje>
    <Respuesta>No</Respuesta>
  </Cambio>
  <Cambio>
    <Seudonimo>maria</Seudonimo>
    <Tipo>Administrador de Productos</Tipo>
    <mensaje />
    <Respuesta>No</Respuesta>
  </Cambio>
</root>