<root>
  <Usuario>
    <nombre>cac</nombre>
    <apellido>asc</apellido>
    <cedula>E-sac</cedula>
    <email>sx@hotmail.com</email>
    <direccion>sws</direccion>
    <clave>123</clave>
    <seudonimo>maria</seudonimo>
    <freg>15/1/2015</freg>
    <fnac>ene 8, 2015</fnac>
    <rol>Usuario</rol>
  </Usuario>
  <Usuario>
    <nombre>Jessica</nombre>
    <apellido>Elberg</apellido>
    <cedula>V-24942854</cedula>
    <email>jessica_elberg@hotmail.com</email>
    <direccion>la candelaria</direccion>
    <clave>5526686</clave>
    <seudonimo>jelberg</seudonimo>
    <freg>29/12/2014</freg>
    <fnac>dic 6, 1994</fnac>
    <rol>Administrador de Usuarios</rol>
  </Usuario>
  <Usuario>
    <nombre>maria</nombre>
    <apellido>perez</apellido>
    <cedula>V-20913337</cedula>
    <email>asd@gmail.com</email>
    <direccion>asd</direccion>
    <clave>123</clave>
    <seudonimo>mariaT</seudonimo>
    <freg>15/1/2015</freg>
    <fnac>15-sep-1993</fnac>
    <rol>Administrador de Productos</rol>
  </Usuario>
  <Usuario>
    <nombre>mae</nombre>
    <apellido>sas</apellido>
    <cedula>E-123</cedula>
    <email>23@gmail.com</email>
    <direccion>qwe</direccion>
    <clave>qwe</clave>
    <seudonimo>maria</seudonimo>
    <freg>19/1/2015</freg>
    <fnac>ene 14, 2015</fnac>
    <rol>Usuario</rol>
  </Usuario>
  <Usuario>
    <nombre>sdsd</nombre>
    <apellido>sd</apellido>
    <cedula>E-123</cedula>
    <email>wer@hotmail.com</email>
    <direccion>we</direccion>
    <clave>we</clave>
    <seudonimo>jdk</seudonimo>
    <freg>19/1/2015</freg>
    <fnac>ene 9, 2015</fnac>
    <rol>Usuario</rol>
  </Usuario>
  <Usuario>
    <nombre>wer</nombre>
    <apellido>wer</apellido>
    <cedula>V-123</cedula>
    <email>qwe@hotmail.com</email>
    <direccion>12</direccion>
    <clave>12</clave>
    <seudonimo>jdl</seudonimo>
    <freg>19/1/2015</freg>
    <fnac>ene 16, 2015</fnac>
    <rol>Usuario</rol>
  </Usuario>
  <Usuario>
    <nombre>MARIA</nombre>
    <apellido>WER</apellido>
    <cedula>E-123</cedula>
    <email>SDF@yahoo.com</email>
    <direccion>12344</direccion>
    <clave>WER</clave>
    <seudonimo>MARIA</seudonimo>
    <freg>19/1/2015</freg>
    <fnac>ene 15, 2015</fnac>
    <rol>Usuario</rol>
  </Usuario>
  <Usuario>
    <nombre>wer</nombre>
    <apellido>wer</apellido>
    <cedula>E-123</cedula>
    <email>wer@hotmail.com</email>
    <direccion>wer</direccion>
    <clave>12</clave>
    <seudonimo>maria</seudonimo>
    <freg>19/1/2015</freg>
    <fnac>ene 16, 2015</fnac>
    <rol>Usuario</rol>
  </Usuario>
  <Usuario>
    <nombre>mari</nombre>
    <apellido>we</apellido>
    <cedula>E-123</cedula>
    <email>ds@hotmail.com</email>
    <direccion>sd</direccion>
    <clave>123456</clave>
    <seudonimo>wew</seudonimo>
    <freg>19/1/2015</freg>
    <fnac>ene 14, 2015</fnac>
    <rol>Usuario</rol>
  </Usuario>
  <Usuario>
    <nombre>sds</nombre>
    <apellido>sds</apellido>
    <cedula>E-123</cedula>
    <email>saa@hotmail.com</email>
    <direccion>sdf</direccion>
    <clave>1818181818181818181818181818181818181818181818111111111111111111111111111111111111111</clave>
    <seudonimo>maria</seudonimo>
    <freg>19/1/2015</freg>
    <fnac>ene 9, 2015</fnac>
    <rol>Usuario</rol>
  </Usuario>
  <Usuario>
    <nombre>fsf</nombre>
    <apellido>df</apellido>
    <cedula>E-123</cedula>
    <email>hdisd@hotmail.com</email>
    <direccion>erwweer</direccion>
    <clave>1111111111111111111111111111111111111111111111111111111111111111111111111111111111111111111111111111111111111111111111111111111111111111111111111111111111111111</clave>
    <seudonimo>maria</seudonimo>
    <freg>19/1/2015</freg>
    <fnac>ene 15, 2015</fnac>
    <rol>Usuario</rol>
  </Usuario>
  <Usuario>
    <nombre>as</nombre>
    <apellido>as</apellido>
    <cedula>E-11</cedula>
    <email>asas@yahoo.com</email>
    <direccion>aswdde</direccion>
    <clave>222222222222222222222222222222222222222222222222222222222222222222222222222222222222222222222222222222222222222222222222222222222222222222222222222222</clave>
    <seudonimo>maria</seudonimo>
    <freg>19/1/2015</freg>
    <fnac>ene 9, 2015</fnac>
    <rol>Usuario</rol>
  </Usuario>
  <Usuario>
    <nombre>msdk</nombre>
    <apellido>wer</apellido>
    <cedula>E-123</cedula>
    <email>sd@yahoo.com</email>
    <direccion>dse</direccion>
    <clave>111111111111111111111111111111111111111111111111111111111111111111111111111111111111111111111111111111111111111111111111111111111111111111111111111111111111111111111111111111111111111111111111111</clave>
    <seudonimo>maria</seudonimo>
    <freg>19/1/2015</freg>
    <fnac>ene 9, 2015</fnac>
    <rol>Usuario</rol>
  </Usuario>
  <Usuario>
    <nombre>ma</nombre>
    <apellido>sd</apellido>
    <cedula>V-123</cedula>
    <email>dsd@hotmail.com</email>
    <direccion>efrfs</direccion>
    <clave>123456</clave>
    <seudonimo>maria</seudonimo>
    <freg>19/1/2015</freg>
    <fnac>ene 8, 2015</fnac>
    <rol>Usuario</rol>
  </Usuario>
  <Usuario>
    <nombre>mari</nombre>
    <apellido>SDJIDS</apellido>
    <cedula>V-234</cedula>
    <email>modr@yahoo.com</email>
    <direccion>eggyy</direccion>
    <clave>1234567</clave>
    <seudonimo>maria</seudonimo>
    <freg>19/1/2015</freg>
    <fnac>ene 8, 2015</fnac>
    <rol>Usuario</rol>
  </Usuario>
  <Usuario>
    <nombre>sdsdf</nombre>
    <apellido>dsfsdf</apellido>
    <cedula>V-24942856</cedula>
    <email>sdsd@hotmail.com</email>
    <direccion>sdsdsdsdsd</direccion>
    <clave>sdsdsdsdsdsdsd</clave>
    <seudonimo>dsdsd</seudonimo>
    <freg>19/1/2015</freg>
    <fnac>ene 9, 2015</fnac>
    <rol>Usuario</rol>
  </Usuario>
</root>